wallet,address
Wallet 1,GCAORYP6ODPQOEFUAH2F5NJKTMQGJMPBPACJLUQSFDBYUV5O7KDTGAO4
Wallet 2,GCV3CVIGOPWQSWWUUL6GA6STV4NCRPZ2WXOBBVH4HSBHKQ65MAKZOY6C
Wallet 3,GB7UYAQX2DRW3GKI76FAFUOQMUTOUW5W2MZPECRZRCYLSGWSPYPLFR4Q
Wallet 4,GB72FX66TUR63DXDSJVP3OV7GGTZYZZHJ7RHP3HXSFCW4QIAWS446E7X
Wallet 5,GCI6MGOHUZK3757TWJQQJ6OYWTHTXCMEGTY6RMU2VLQ2QAKBSCBOL43T
Wallet 6,GASMU5ZIAMTAJDBGZ233KXLFQ6QHAHGLOIY5S6XGKBSBTZ7YGGCZRKZK
Wallet 7,GDDGL4J2QKUS77NILVJZJTF7FHAVEC5QODRZRGRZEMIMI2EOJZ6LWR47
Wallet 8,GCFN5IPUYE3HIM6PPA7TPPONFVGRX3Y4M5EBBZ3VP7VPSU3NF6RLVFSA
Wallet 9,GA3ZV2KQPLCTE5PUKSOFLPNBY7HKWVE5E6BIZYUDXQMA5WRUAUXJPGES
Wallet 10,GADEZ23F3BTYBYHAOPIPHU7FXRX5XWTH2FYRMSKFO2S5CIZJU3O4NSN5
Wallet 11,GCEGDQTFDNNYWEMANCMM7KHK2XPII2OQEJJQD3VUATWRLFY6RZTBWOLX
Wallet 12,GAEPRNYSBJBCTI4UJZ73N6A5AY7NKI2YWN6R5ER435TZLRMISM7D2LOZ
Wallet 13,GBGI7GLDKORKK3O7VMBXUPXEDLNT4VAW7GTVGYC5CSUKK76GWZYHPIE7
Wallet 14,GAQMXTQWRX2SVHY2RVM5Q2BLGI32KMR4Z6CVNJSMJ2M4I55ST5JPEB6J
Wallet 15,GA3PQHWSOEJ3HE5Y7LMEBY4BA77CCOOP2INFB6CQCGPTZ5UJ3BFVITFR
Wallet 16,GCRFNMSIUCYTN2EJ3CZRMY3CIOVZTN7B7DZTYJHKW6DJNA2EGPZ3Z3E6
Wallet 17,GCSMMCHMZDVKY6RUD653X64OJI4TQ7SLN6R3P4IXJNNHG4TQIYJTENQC
Wallet 18,GCMYM7BPUGGSYBVKLXCWQGLU4RJ2EVPRAYRYVLHJVL3VEQFH5ZOKUNQ2
Wallet 19,GD3FNEPH7S7ZTCFM7T3ZGOKI2AQ7YYIHKZVRTTPNS4KGLR7NPYIBSTM3
Wallet 20,GDDSASLKYL2RTZGFRQ6GWOGHSTJC2IH6QB7IJYSZ5WWWJ2RTZ3SPGAIG
Wallet 21,GDGMMBAVM7J3V4UFHWFQ3USW26GEVDNRP5SVUX5AKIA6PVD4X44UBS4Q
Wallet 22,GAAG25S22C6WKGETONL7YMJ5DHW37DDS7YVHGMDOESEHZTKZQVQKUVHT
Wallet 23,GDAQ74357HUIDYXYMQXALKNQGDS4TUO7M6ZRNWNG7QQ5FX72UKGM6GEG
Wallet 24,GDEML735UMJM4PXIGVFG62Z6VUZN3SAIBZGB7USTYPRASJZFC4Z5QRU6
Wallet 25,GDHRNZRRYEKS24ZHOWQSRDRXOLP5IOBXRM7X4ICGRFBGYSME6RBBOH6K
Wallet 26,GCBYYGQSMNFGTIYWAGPEF42TUGL45HNWECE4SDNA7KRYBNQU4L5LZPF2
Wallet 27,GCUE5J5OLIMR33FPDPMHLTTTRGI63MCO2VSOOI7OLCAR4REM73ANBHJR
Wallet 28,GAFTSEUMZACZB67NGTPSQQNMRKHJIPDU6WIN4XN2Q2T7BTPPGCYOBYCA
Wallet 29,GAKZBSQODLC7MVS726VRD4BDI77XXI5SZYCMUILO2XVXRC2RQOWR2HFI
Wallet 30,GCY6VIAO7J2E2YKDB2OA72M45GF7FYXEGOCXY7VGE6BP3QLWLBXTZWT7
Wallet 31,GAZ2H7JJJORJJVE62FYOAPLHNLCINLMNEPOU36O5F4M5CEHEFWHUVZLE
Wallet 32,GB2R2V2IDLFB4YXPJE4K5YKSQAE37EKFWMUW4H6BBXAEBAT4UVRYQAV6
Wallet 33,GCFZRXDXYNRXLJIVHAXMVVO5MYQHEFVOX5XHLGKHCCLDSWDF5UBV6NQA
Wallet 34,GBMIATW77SEIXGLZ2X5V77HPJFYKHZZK5W73EXHHX23F4DLEQ5YXS2QA
