Name,Address
Wallet 1,GDVWYW4QUMPXDVUJZBD2D4ZUDBAWQMK64KRPSTQ23G5CD56GHCXQN54G
Wallet 2,GB2N7Z43LOUBGMSGBKTV66XPRDHEJVXPJEJJE5P56CH5POFROECIN4QQ
Wallet 3,GCFGFSECB43LFAJVUPEI6OQA4ZQ4QUNSHEGMKW56CYOG26ZY2CKDFQWM
Wallet 4,GACIPBGHFH5CRJNMKHWUBAU3OMXTRQANMGXOBJYR2F3CF5IEFJCU5AN5
Wallet 5,GBGWW5XWVAKGO6JJRXHG2URORAJWFZJKQLK7SVUX7TLHL76XAYMO3JI2
Wallet 6,GCDSLVUSXAM642IZ3GYEBHDIC5FW4I74ORAC2HLDAVFIXK5GAX3LIMQW
Wallet 7,GCDVOYM6TUIUFJNYEFOZ63N7Q3QZXWXE47AC52MNDSSXNC5J2WNLYTYU
Wallet 8,GDPFMI5TLR4IYAK7TATVFZAXKMWS4LVZSMEKN2XAB4J42AHRSVSP3T46
Wallet 9,GDP4ACIQGM6BET6ORZE5EEZRW525IN5KREYPAQPGHLIRYHMI6IXVEAED
Wallet 10,GBKSJF4FK5EZZVIEVJCVGFA7WV26PRUSH77VRVT7IRTXZPIJOEHEB4CN
Wallet 11,GBWEQCS7KKIBKU3CEJK5YU2GL5OQMYOS742UYS2MNJN5EVGHSGZSHNJV
Wallet 12,GAVCCB2TJYA4BEMKBSXLSS3PV5RYFONHI3UPXBXBTDXGEKQTPQCGYGHH
Wallet 13,GB5MYOB4ICKWMGCPFWQNTTZCBRMWZG4DSJ25OEXVBLHG2NV4OV5GI7V7
Wallet 14,GC5MFDESQCDYLWNSMQUBOWF3RIJCJ6IUN77L3CNFV2VG4TIUTS7FV5Q5
Wallet 15,GDBSUR6NUBQLRPSFQX2B5R5OAUO2CLUPJZYN7TPE5ORLBR2OXTNQWZPS
Wallet 16,GDOW6E5YP6QRO54X2DT37NEISVN466WA6D2QN6GALAFIRLGJ6I2AYX36
Wallet 17,GB5U2MGQ6I45L6Y2BF5PQMJEZ5MUGOMMHHE6KLBEHLOBATMQQETJZWEA
Wallet 18,GCFN2I52VIN6SSDGFUFD2AKM4EAYUGP2QP4EYZ3KOFK4VXLUJAT65R4D
Wallet 19,GDOGXPW2L3MNMOED7DYSX2MUAOHEEJNWT7PP7LHE6NRADG3C6YVQKVMU
Wallet 20,GC7CWM6QULSXUXPS5BC4BWWQX4HJZ47QYWCLOQCOKI6UT3HVOGMXBDWV
Wallet 21,GDDWLJ2MHUFMCSL5DX34S7FB3RPSXAB56KAJX5RUJ3UXQX5N5ULIVECW
Wallet 22,GB5BP3X3GWZCHC7Z2XPNPNRTBUPQX3BOGXEKM6MO5ZFU7IAEGG5D4SE7
Wallet 23,GC55ZTAUG6FOO4Y2GY6SWI2CPZP2A7KSHDUEMCFFAPX5HTLE62AYGQ6Q
Wallet 24,GCONLUZXGMOF3VMPJUYXUNNARSBKKSRR42MAFOV4HIQ3JGBACTNBBIJQ
Wallet 25,GA5O7YEV5TN2D6BCKR3B37NR6KIASHBJKOJUGSUAGNLBPCGCK4KPBQON
Wallet 26,GCD6UP7T4EIVMFGPDUEY6SSXSZ6FBTE2ANTNILIQ24SXXFATYO634RJI
Wallet 27,GDTW6PCN2OW6Q5LZDY7PQST6FJXDG2VE6SOD2NHXMVAUXTG6IFJMXNH4
Wallet 28,GB2BB77EQB3UX2DNSGRRA4PLIM2LQQFWSQZYG5TO3CMJZNN5MFLCFNT2
Wallet 29,GA3HR4JHRDBU2L3QH3BWY5SLFLAVTVCL7QBY2JYVH26U2MFYX2ILE7S3
Wallet 30,GBEIO3CTPWOOE7BLV2Q7NDK7RANTUTSWZBKCH4M7TKN23ACWZ4UCIVDW
Wallet 31,GDAWGP36L7NDO4FJABEXJYBTNO7QRTMDA75HCLQ435FVKPSVP7OFIA2T
Wallet 32,GAWQ6Y74SAPSNA7M3QSCFVXDXJVFJSBYOYVUIJNGCXOWPDWLKWFTALRB
Wallet 33,GB5SD37X44OGOANZNTP36DPUPDE5PBZJZ4SPXC543EWIC5Z5AHGGTTMC
Wallet 34,GDTLA4KD5GSQY7RKQBKJXQI3U45HJDDCGRVJ7LSU4AE5RWQBPTNS5AUX
Wallet 35,GA3QFWNOCUHRMQKNHAT56IF75UOZVZBGUGA75CTXOR3XAX5CFU56NVK5
Wallet 36,GCK3A4HRO3UKEKHOKWOEY42ZKFOAYU6AOQOVGWMFLKGLJ2AZ7VJSQ6RK
Wallet 37,GAIA46WPQBMZ2ZG46PQYIBUCBYAZNKTJCUGUROIGJTWBJ2J4ZHCCDD3T
Wallet 38,GCLFI7BSBX46O4ZWZHEOYZB5SXEQF7ROT6ZOQWFYOUM25YLLEQPNJFAL
Wallet 39,GCMAYKLFV2T3CTTJ4RIXCNUB6UTHHKGEOKVWD4D4LVQDALX4D73IBOKB
Wallet 40,GASSBFIOEOZGYK7ZSUR5CONFDNRMIT55CX3FXZLSTWYZLO6R76VF7IUJ
Wallet 41,GA2JBQPASNEQYENR55ZOB7OFAAEDNAUWFYEBZBYNBRF6ZZGVADAZN7AR
Wallet 42,GD5WVO2X2IYBSXRAGLZBIMPRGSG7PL53O7XKEIPNZFSDEOFDYA7SSSI7
Wallet 43,GDL2EOX2HPSKQDWOFOKKUMSMYHTACQXMGRU5PLMPCRB6FKIIHDGA3V4S
Wallet 44,GCRFQ6EH7T7CZBKCYULSXQPNH7JUEPHQM55WNL2M5QE7ACQQ32R7KRX2
Wallet 45,GA3JETAISWGZHLCFBHEL7VMZUWF4LOO6DL4ACLERMIW2VSLQA4L7RMGF
Wallet 46,GAMREWEMR44LO6D7V2XD7SVAZRAQVMB76R6B2QCYRMMBUZEGM4YETOZO
Wallet 47,GBIVU7YCX2GCBWJSQLIA6O4WOI3NC5NWONCQRZKAEGRA6OJFF3ZAH5IB
Wallet 48,GBOZZ5RLXOIRVTQ3HAAZNN7NVBMBABAYQY3EYJFCKS7X2GIK5LOFRYTW
Wallet 49,GCS4C4ACBTDUL5S6SZ6R54VAHWNEB75CPHWMIUBKRM3YSX55CJQ7D7T4
Wallet 50,GA64GULZQ33YGKYHC43MDGLES734SLHUSUJW2J5AIDA47N7OMWDZFOTI
Wallet 51,GCHIJOLO2HU7X3UFC2YAAVRLMPZACQTCLOQIHGQONXCIA6HCBQF72UC7
Wallet 52,GDXEABLIMMPJ5YKV6IL6NJOR4A5XPQ2G3D53SUQ36L4RUXMYF2DUVL3X
Wallet 53,GAO32POWIGCBGXHOPHVVFONLOZCNR2QH5KF4NOK2AIOKFEWPU37FL4JO
Wallet 54,GC4HTLZZ5AL2WN7PMPBJPAEGTS2Y2AIOQZL4D7BYH4KCBLV5T6UICK3D
Wallet 55,GDKEXCPCYREFHRTFNEPAODBTDUFPC5LXEORN3SOUS6QZUAIZBW5VIHV4
Wallet 56,GBMF4LFLSL74EA7XWZ2RTO53FEBDBSPW3LWF5R77KAEUM6KS6H3RFEI6
Wallet 57,GATBYKZICIUSC6F5GHMF5OK2TD7M4GYOREYDKM2AEAXAAHMVBFEUVUYA
Wallet 58,GDXJVVL3T4K2Z7CPAX5CL6INBKY5JPFS5VGZSBQU4IALRZ5X53CEK5Q7
Wallet 59,GAZRP4Q4UQK46EW6NCRQ6DUUTUTNPKIESZED23JEJKDAD5QGNRJPKKTW
Wallet 60,GDUOAPO6FF7B4H47WRIGGSAD5QDRUV6MA5K43IRJAMQ74M7SLW6JBFUO
Wallet 61,GDORY5QIW7RK53FNG42K3W2HERWK5OB6LIGGPPROK46ML47M2DC5A7HY
Wallet 62,GCUM4P6LQJTRS4YJGD4NX55EPYM3FK4OLWGFYOHJPAAXIPY5LH545N77
Wallet 63,GC6D4UJCTYQ5WM2MVDYFS7BBH5NMLKQCDNTD6IA6PXDS47HKCAH3BRSV
Wallet 64,GDEQR6APBKKGF7RD7SZ4PA5VV4YXM2KNEKPN6XJSTSUD65QTZGAC2FUJ
Wallet 65,GB6ESU2WJTAFGJBN2ZGI3T256EAMV2VD27ZONRIRZAHEXJHHA2FTVEO3
Wallet 66,GC6XLD4LHX5T5HCRCXLD2VKQWSF5YQ66DGL7FPKU4IS6CX45Y4GDZYGB
Wallet 67,GCOLNSQVMTR73Y6BPLU4VZPFE2WNJKNUOERHFPMYGKPNKOXYOELJRH45
Wallet 68,GBJUR2JIZYPLN6L6X3SHF7V6XGZG2346BX2D57R7P33AHTGDI3OBPVJI
Wallet 69,GCXR6HEWIGQX6TI6EOEKQY5QW2MHYC473RIXQPF2TJ6Z6KD2QVY3U2YP
Wallet 70,GCRTPAZ52IR6P7MYO35CZHN3EONYICSPGUT3I2AD5XCTLJYZN4ENUMOA
Wallet 71,GCG5QMAHUUM6ZWBDB7LS2JKZ5NV4NFY6PJS2XHH7EXAMUKOZZHTOFANC
Wallet 72,GBQNQIXBFJQYEM55ACZJ42X7IXT5XGVSHHHPBUYL2SJFW5NJIY4K6DV4
Wallet 73,GAL6FCW7B5GBCAPXEFPGUNFD3PE2K5VT432JM2IQ3Y777W3RYBUYHLNJ
Wallet 74,GDMEWN52OAPETML5PCJ7M3J7FB2GVYOKTU2MEHL4DA5TGIZ57UMEJ6GS
Wallet 75,GAWX7T3ZZJDQVITTX5BNXVVFPZC4PN2SSLQ2RI6GXLGIYCZELO4VX2M4
Wallet 76,GBG54T4KR3RMAYRPDWG5HCIXZD5RYHEPYGAOMYRFJN3RYFXX5G44GHAJ
Wallet 77,GC2R4BKBSCRD4UUVCYFS7KHXAI3HXIKY542V73ZAHJM6GYJE2BQ2PSNG
Wallet 78,GAOENCS2CVW4XGNTDDZQIZOUATAGDCOPLEKDXPRPS4KFWQJQC36DRVQU
Wallet 79,GCLOFM7GZBOW7HGI4NMXOHFITBR5LZT6AUSFK2YSC2VJZVMFZRIS2Z54
Wallet 80,GBRH4ISIRLQ4L3RDU4MTYVQIR7BU7HYZKIZS4DN5ITCXRYBZLZQFBTUH
Wallet 81,GCMEGNJJIBHSYRO6SJK2W654EJ3DW5IBS3TRBDFU7FGDRKSWGAUWKGLD
Wallet 82,GCSWDIW62F4PCALX7EMVF2NXV2M6TNFBXSAUUDMALDKL5GGLJ4I7KS56
Wallet 83,GCHTAANOODL5LFOEJRQ4KRVUSBC5F5O5V2T5CTD55TVM4SH7KW7FUKAD
Wallet 84,GBM7RYVY4HP2G22JCUURHL5DUAOJRSEY7MW3FSCTQLQFP6W7B3R2SC52
Wallet 85,GAEZ37RGTCM2IVSOYT7MSUTFPGF6UDLRBZP3I3WTGJ75JZLLEO4FFDBR
Wallet 86,GBF2ZPNANWLBJNBT3QDT3SEGIFMFNZVKDPHSQJBBVBGM5D6UXQZY32FB
Wallet 87,GDL4YNAV4UQX54IRXQRGOMXZEDO7BMQWD7N5OLEBGLG4SVDHN4QGFXZI
Wallet 88,GDXJ3YL6EZJMJWWDYXGKHWRX7PHYX6TDJHZ5GQ6TCM7677YZAOT5F265
Wallet 89,GD6OTJX5MWHD3UUXTRVXI6LNUGVTKW4FFJ77H4YPGR6NI3ROVJVSOFDL
Wallet 90,GDCTBZKSPTQ27WX2C745BBZI3LYCB5DQL7QVO5HTNFZXNOTLK264KDJM
Wallet 91,GBXMM2VZGNJALEIT2GHJ3KBZMBW5M3TJEU4IFJSZ3AOOOCU7R3GZHUCF
Wallet 92,GAPCJAXWDD3OPPDOCNNBSXJUPV7GAW3FGB62K5JZJDUXAIFU5WXDIBSR
Wallet 93,GAD4SWBFDZD6LAFPGKT5J4VNAWBA6YQSHFF22CVT3GRHDZD46YQT76TW
Wallet 94,GBESHXHYMKKP7QXBH7GIJCBJFQIU5QCMSK5IZAX5PSOBVXTXOMKQFAYJ
Wallet 95,GCAXUV2VFLQGIX4XFWBFVU22QRV4JLNXASGYWPWCFDLG6ZZQT6Y4XLWN
Wallet 96,GAA2V3SCC53SRJBE2Y73AU6BIWRZSGSVJBLEN5L2TI7HW27XYJR27B3T
Wallet 97,GCKLKOV3XNSWOLPRSPHYCZJDECQTJWVNAGWLZ2SNUWRPWMAKJ6S5BN2D
Wallet 98,GBUD47WZXQTPGYZR5P7KHJ5VAOLBYFZ6FCEXIU2PRHFZD62QT7L3TLJF
Wallet 99,GA4BPIHY52B3QZZ4BHTDBVEA5QRBP6EXVUH2JU7EN6D3GZ3Q5FGDBXKF
Wallet 100,GCY7CE5HAPI3S4FMF7ZOUVCO4OX4PCKLQJWKNBHZH5KQ3K2JFY3Z6GTI
Wallet 101,GAINYVO75LQP7VGVJWIWSMDA3BFYTXAEQR2D3SM3GTNXR24SL3NRSTIP
