Address,Name
GB6EFJHJAVSA4XAORFPCENSVKOYKBTZUVKBCWB7KUHY7OSFTF26LR2MN,Wallet 1
GASTVKIEP3SXVKJFG2VFVUAHWMA3FPXKWA4XFB3PLVAUPT7Y2HBMDRXP,Wallet 2
GCTEYWQ6HJ7LZXMRCNTCZYDVVM5VAVVBURKZQZTP6MB357QYG44XTTFO,Wallet 3
GBRV3GATND4DS564BT4IOKAP4V3676DZDCIQO5S7BELKH5AKPV6ORAQH,Wallet 4
GAZD6L4PVI4TB75O2STIFOSYR5ASUCS3RZFMTFE6KNFOPOR5SVXTWC7F,Wallet 5
GAXUOLPYJVOMWMJJT5UYHABVXPFDZVOBK7YKPUVHY6VTBRFDFOSZAFYZ,Wallet 6
GA3PYFFU5MI4LY5K7KE4EXMDJUYQAHVS26J7P7I2SE6EJWHYKVXHMIJR,Wallet 7
GDOWSSVFLINCCR4MPT6ZUMZDKAJI2O2LVILAMNCOPP2HAFXVE3V7AUKE,Wallet 8
GDNJZL7E5NUTTDQJK3IQJMNNSA3PPXVS2NNYDFDCL722WJG4FXKVRZJX,Wallet 9
GCOO2JFBULCYS5VW7HSPS2F7G63XDVFYTG2QSAIX4ZOMKI6357SUP5OJ,Wallet 10
GDRIWTQZUAUEEMVEZTEPZVNQZVZAB4U4PIX3YIOYFCY3KLNDWBH3ERVO,Wallet 11
GB3UUGMTEBPCFJNHMLQPIAFMEQFW4AJ5BD7QOQA4HNCT6W7C4JFQ66GQ,Wallet 12
GDPTI3OD2OU2NSPFBFDCGT2XAEBCH5V36JPGY2DV74WHAHHGFNB2JH2O,Wallet 13
GDC2LWYOHFCYVJTCJWFWHVV4ODGYMYXXBYGHYFYDE6UC6NJRV6WR6AUD,Wallet 14
GCB2QUUR6OVD5CYRWF3YLGEH7NGVEXE2XQCKNYGYXRURTNGKNV2I7WAK,Wallet 15
GDRU2VODREIUF4UTWFAJGM36EJLZQLUQW2VCJMESY44VOE2KT7BKFZPO,Wallet 16
GCO3FCLGEENJDC4TR2EOE7SDBJ5ZCBKCTW7MB3Y2KNHZZLSPGPFJXWGL,Wallet 17
GAS4VKFOMNPQ2IFNNETWXIOHY5F6UWVSNPSXF4CPGC7JOBDUXBG3C3SM,Wallet 18
GCESXH6PZIK7NJOB3EHEMJ2RT7T7JRW7LDQMEFFNID6D423GZUAHNWGM,Wallet 19
GA7YSUZOSEYKMFPYECN4JIJU7UDCXRPGV4DO4S2JNXARGBOWVCGZIEJO,Wallet 20
GD2HS5VVF6C7JEYE3JBZLO6IDQMN7ETPWRQ2SC7UT2V5AWA6J22ICMY4,Wallet 21
GBVAN6MIHVNIQNX65M2FAWQWEGVFABSEHMRE4476GMCZFHX67FE4WIU4,Wallet 22
GBF7THJE67UCF542PQCJR66E6UAV6NP26Z37OXMOKMRU73SYBLSD2RKI,Wallet 23
GBRCJJDUZH33KGTVFLOWCP3AVOWMBW6NDHYGDVDY2PLZKI776TL52IKP,Wallet 24
GCQCUTRC42TQV4CPOGHNCYI6N6O7AF6Q7J74ZQNO3FR4ZMLLX7RA62J5,Wallet 25
GCKF753QH74TEVYOOK7DJNO3MRMZ5YIMSDSXXYYXRY4YW6PJY77C4WFH,Wallet 26
GCBA7VRTZYZJNFFDGO3K3U4VJBGXLEZGCA6NOPSAJUFDV3QVCO5FWWQX,Wallet 27
GAZ3O5GWENCJYQVVG2BTOQOVX2FXCCL4QNPDDJJVONPG7WJ7O3657F4R,Wallet 28
GA4FEUUOM42Q7KQKS755YKRHBEBROEH36I7FVJU7HBZZ4VOZDLYNJUW2,Wallet 29
GAQ543RS5YS5VESGU4CSENHRHI6XJXD3NSRSSZ4MYP5H72AZDWANMBEK,Wallet 30
GBZJ7X7CY2BBHGCKUIFO2JZKSHGZ64ABSCILMUUDP56YXLOROUSZYRNY,Wallet 31
GDKQ2QM2BNS4ZKIR3XKAJIZ6RS5OWDNOBEE4G5CSUAU4634OXUV7QGEN,Wallet 32
GDTJUUMYRAYRB7V2XFWKNZ2GEP5UDY6XHPQBBSWG4F3Q2XURTLQ4JZRO,Wallet 33
GANPQ4IWO5DX7UJ25XBDOSY3V6CHFDMKD3F3DRPZWPEBOAFRV7KHZIPI,Wallet 34
GC4ZAXVYXSDWJVAPREWIXAREDEZTX7ZVW4BBJD2KQWIHYLCE5MIV6M7Q,Wallet 35
GA6IX6B4K5N5K3RYPHCDOOKZAC4ADNTONP7K427RLTWNZGENST2JN5TR,Wallet 36
GCSEZ7TTCCC5NPFMYPQDVMZYAZZIHOWGTZBKRDFLAIYLEFPSYADJFXEH,Wallet 37
GBEUZG25BVOJZBGTIJYPKNPCU7VK2KFSGE2VCXTB5RJKKDBEWS53AWKD,Wallet 38
GBVINXFKE5VBWIMTW4MI2547OEP7ESNCTUYLRO4VOYMZ6S6FDMZZPACP,Wallet 39
GA7SRINO7CBE7XCPQZAI44OUPPYQ3LJX7GDXWTW4FDID5FRQWLXSKZMF,Wallet 40
GBOMKA7M33IJC5CAV5AOH4XCFTOQXKPDTWFPYBSR7D765FENY3ZN52KY,Wallet 41
GC7Y64DL5PVSN2SJ42J6LUQAEKJBMLF3MHV34EYB4Z6L7PBWFEW3NIHP,Wallet 42
GA2LQ4ML7BYEXFR26FOFS5CGP6NLOGWGUBH4XZ7RI4NUOFADCDW6ENZT,Wallet 43
GDUJ7MUGBIRWD65F6FDCFZAVHX5PNRTX52W4I3XWZDOVYIMGVBOJHJHM,Wallet 44
GBYZA4KLLQHJS7V5ZLCOK3YGVNMOMRXCCXKSYYSN63HGUFVKFJWOTQLA,Wallet 45
GBTGE5RLDT3DLPUKFFFTIOO6P7OK6CS7NW3ON75N5P7FQ7IHITYCYTWD,Wallet 46
GCZUVGRZ37OEEODT7BGG3IRN5PH7NKERQ3RZ7HXRI5CLV3TH663WMSJO,Wallet 47
GAUVO7GPWMSUWKPACL5OZD6YZB6LEFYKN4K4B4QY6AW7SNCDC6BO3RIO,Wallet 48
GDGTUA5CZX4XETPBRVPKUWZJCTD4E4GVK2FMLUD3WJTQDJLAC5RLW4MY,Wallet 49
GAS6VZFABBKHVYIIMRQPGTCVDNTDFG4K7CD4VDDX2ZFWPLGP37YLNL7G,Wallet 50
GDAUOFBBJGAAXSSZ5F3G5CL76PI7BHYZJTLOH7FQOEL6GSDXFU6ZINAS,Wallet 51
GDHW6KUK65NB6XA2WSGHI2AROYXTFYKWCVFHS7NOTFZUDAXYXGT2LMP7,Wallet 52
GAAAXXQA5EYOVYLWTGADNLHGRHF6JMJ2KJGT3ZVWZ5YSSGPP4JZQVPWD,Wallet 53
GALU5VNO4DWU4A5X7ZX7JUIUF4JQUXHFV2OB63URLE2X3R64NIKFLRZM,Wallet 54
GBDYTVPKWNP4OEVFU47GAOKMZ2HS67R2F74VDTNVJGUGBSMMMTHBKW27,Wallet 55
